{"cameraMode":{"drawMode":0,"name":"Shaded","section":"Shading Mode"},"sceneLighting":true,"audioPlay":false,"sceneViewState":{"m_AlwaysRefresh":false,"showFog":true,"showSkybox":true,"showFlares":true,"showImageEffects":true,"showParticleSystems":true,"showVisualEffectGraphs":true,"m_FxEnabled":true},"in2DMode":false,"pivot":{"x":-1.2568516731262208,"y":0.7993366718292236,"z":-12.304730415344239},"rotation":{"x":-0.06519525498151779,"y":0.7579436898231506,"z":-0.07666774839162827,"w":-0.6445197463035584},"size":1.028045654296875,"orthographic":false}