{"cameraMode":{"drawMode":0,"name":"Shaded","section":"Shading Mode"},"sceneLighting":true,"audioPlay":false,"sceneViewState":{"m_AlwaysRefresh":false,"showFog":true,"showSkybox":true,"showFlares":true,"showImageEffects":true,"showParticleSystems":true,"showVisualEffectGraphs":true,"m_FxEnabled":true},"in2DMode":false,"pivot":{"x":2.384185791015625e-7,"y":1.164434552192688,"z":0.004583239555358887},"rotation":{"x":-0.09049814194440842,"y":0.5763057470321655,"z":-0.06441189348697663,"w":-0.8096526265144348},"size":3.0106630325317385,"orthographic":false}